{
    "avg_prec": {
        "train": 0.9826593484180203,
        "test": 0.9354505009633164
    },
    "roc_auc": {
        "train": 0.9917447000167589,
        "test": 0.9548032292019272
    }
}
